Source,Target,Since
1,3,2010-02-22
1,4,2020-06-27
1,13,2018-11-23
1,5,2014-01-29
1,12,2018-12-21
1,6,2010-11-19
2,6,2012-05-17
2,15,2019-07-05
2,4,2010-08-14
2,7,2013-07-26
2,8,2018-04-21
2,1,2023-04-22
2,10,2011-11-06
2,5,2019-10-09
3,5,2023-01-26
3,4,2018-02-03
3,7,2013-05-17
3,12,2010-10-08
3,14,2013-05-23
3,8,2017-09-24
3,11,2021-07-03
3,15,2013-09-04
3,1,2015-02-05
3,13,2016-07-12
4,5,2022-12-04
4,8,2021-12-22
5,2,2023-07-03
5,15,2019-07-27
5,11,2019-11-24
5,13,2010-02-01
6,10,2011-08-22
6,1,2022-03-18
7,14,2013-05-18
7,11,2010-09-21
7,2,2022-04-05
7,4,2022-02-08
7,13,2012-02-15
7,12,2011-03-12
7,9,2022-09-27
7,8,2018-08-07
8,2,2021-12-01
8,12,2017-06-21
8,10,2010-08-03
8,15,2019-11-05
8,5,2020-01-08
8,3,2013-10-11
8,14,2022-10-15
8,11,2016-07-08
8,9,2012-04-07
9,10,2013-09-28
9,5,2014-09-06
9,13,2020-06-10
9,3,2016-01-27
10,12,2023-01-24
10,13,2021-09-04
10,15,2022-12-21
10,6,2010-10-15
10,2,2022-09-08
11,4,2013-02-05
11,2,2015-05-24
11,6,2022-08-08
11,7,2010-02-19
11,3,2019-03-10
11,8,2015-12-21
11,12,2019-09-06
11,14,2014-11-15
11,9,2018-07-01
11,1,2014-06-27
12,2,2011-08-31
12,8,2012-11-03
12,1,2023-06-07
12,11,2020-09-12
12,13,2021-10-14
12,14,2016-01-04
12,9,2012-02-23
13,9,2018-02-06
13,1,2016-04-13
13,11,2023-03-06
13,8,2011-01-20
13,7,2016-05-18
13,10,2015-10-08
13,15,2013-05-02
13,2,2021-06-13
14,1,2020-09-10
14,7,2022-04-03
14,8,2012-03-25
15,1,2012-11-22
15,6,2013-07-22
15,10,2016-12-23
15,9,2022-02-20
15,14,2018-11-14
15,12,2012-08-14
15,5,2016-08-12
15,4,2011-08-19
15,3,2018-06-28
